zip_code,cases_weekly_2020-03-01,cases_weekly_2020-03-08,cases_weekly_2020-03-15,cases_weekly_2020-03-22,cases_weekly_2020-03-29,cases_weekly_2020-04-05,cases_weekly_2020-04-12,cases_weekly_2020-04-19,cases_weekly_2020-04-26,cases_weekly_2020-05-03,cases_weekly_2020-05-10,cases_weekly_2020-05-17,cases_weekly_2020-05-24,cases_weekly_2020-05-31,cases_weekly_2020-06-07,cases_weekly_2020-06-14,cases_weekly_2020-06-21,cases_weekly_2020-06-28,cases_weekly_2020-07-05,cases_weekly_2020-07-12,cases_weekly_2020-07-19,cases_weekly_2020-07-26,cases_weekly_2020-08-02,cases_weekly_2020-08-09,cases_weekly_2020-08-16,cases_weekly_2020-08-23,cases_weekly_2020-08-30,cases_weekly_2020-09-06,cases_weekly_2020-09-13,cases_weekly_2020-09-20,cases_weekly_2020-09-27,cases_weekly_2020-10-04,cases_weekly_2020-10-11,cases_weekly_2020-10-18,cases_weekly_2020-10-25,cases_weekly_2020-11-01,cases_weekly_2020-11-08,cases_weekly_2020-11-15,cases_weekly_2020-11-22,cases_weekly_2020-11-29,cases_weekly_2020-12-06,cases_weekly_2020-12-13,cases_weekly_2020-12-20,cases_cumulative_2020-03-01,cases_cumulative_2020-03-08,cases_cumulative_2020-03-15,cases_cumulative_2020-03-22,cases_cumulative_2020-03-29,cases_cumulative_2020-04-05,cases_cumulative_2020-04-12,cases_cumulative_2020-04-19,cases_cumulative_2020-04-26,cases_cumulative_2020-05-03,cases_cumulative_2020-05-10,cases_cumulative_2020-05-17,cases_cumulative_2020-05-24,cases_cumulative_2020-05-31,cases_cumulative_2020-06-07,cases_cumulative_2020-06-14,cases_cumulative_2020-06-21,cases_cumulative_2020-06-28,cases_cumulative_2020-07-05,cases_cumulative_2020-07-12,cases_cumulative_2020-07-19,cases_cumulative_2020-07-26,cases_cumulative_2020-08-02,cases_cumulative_2020-08-09,cases_cumulative_2020-08-16,cases_cumulative_2020-08-23,cases_cumulative_2020-08-30,cases_cumulative_2020-09-06,cases_cumulative_2020-09-13,cases_cumulative_2020-09-20,cases_cumulative_2020-09-27,cases_cumulative_2020-10-04,cases_cumulative_2020-10-11,cases_cumulative_2020-10-18,cases_cumulative_2020-10-25,cases_cumulative_2020-11-01,cases_cumulative_2020-11-08,cases_cumulative_2020-11-15,cases_cumulative_2020-11-22,cases_cumulative_2020-11-29,cases_cumulative_2020-12-06,cases_cumulative_2020-12-13,cases_cumulative_2020-12-20,case_rate_weekly_2020-03-01,case_rate_weekly_2020-03-08,case_rate_weekly_2020-03-15,case_rate_weekly_2020-03-22,case_rate_weekly_2020-03-29,case_rate_weekly_2020-04-05,case_rate_weekly_2020-04-12,case_rate_weekly_2020-04-19,case_rate_weekly_2020-04-26,case_rate_weekly_2020-05-03,case_rate_weekly_2020-05-10,case_rate_weekly_2020-05-17,case_rate_weekly_2020-05-24,case_rate_weekly_2020-05-31,case_rate_weekly_2020-06-07,case_rate_weekly_2020-06-14,case_rate_weekly_2020-06-21,case_rate_weekly_2020-06-28,case_rate_weekly_2020-07-05,case_rate_weekly_2020-07-12,case_rate_weekly_2020-07-19,case_rate_weekly_2020-07-26,case_rate_weekly_2020-08-02,case_rate_weekly_2020-08-09,case_rate_weekly_2020-08-16,case_rate_weekly_2020-08-23,case_rate_weekly_2020-08-30,case_rate_weekly_2020-09-06,case_rate_weekly_2020-09-13,case_rate_weekly_2020-09-20,case_rate_weekly_2020-09-27,case_rate_weekly_2020-10-04,case_rate_weekly_2020-10-11,case_rate_weekly_2020-10-18,case_rate_weekly_2020-10-25,case_rate_weekly_2020-11-01,case_rate_weekly_2020-11-08,case_rate_weekly_2020-11-15,case_rate_weekly_2020-11-22,case_rate_weekly_2020-11-29,case_rate_weekly_2020-12-06,case_rate_weekly_2020-12-13,case_rate_weekly_2020-12-20
60601,,,10.0,9.0,5.0,5.0,3.0,7.0,13.0,7.0,3.0,2.0,2.0,1.0,6.0,5.0,4.0,3.0,4.0,6.0,8.0,9.0,4.0,7.0,7.0,13.0,14.0,32.0,8.0,8.0,4.0,7.0,36.0,28.0,38.0,58.0,75.0,52.0,47.0,45.0,26.0,56.0,26.0,,,14.0,23.0,28.0,33.0,36.0,43.0,56.0,63.0,66.0,68.0,70.0,71.0,77.0,82.0,86.0,89.0,93.0,99.0,107.0,116.0,120.0,127.0,134.0,147.0,161.0,193.0,201.0,209.0,213.0,220.0,256.0,284.0,322.0,380.0,455.0,507.0,554.0,599.0,625.0,681.0,707.0,,,68.1,61.3,34.1,34.1,20.4,47.7,88.6,47.7,20.4,13.6,13.6,6.8,40.9,34.1,27.3,20.4,27.3,40.9,54.5,61.3,27.3,47.7,47.7,88.6,95.4,218.1,54.5,54.5,27.3,47.7,245.3,190.8,258.9,395.2,511.1,354.3,320.3,306.6,177.2,381.6,177.2
60602,,,,,,,2.0,0.0,0.0,3.0,3.0,2.0,0.0,0.0,0.0,0.0,1.0,1.0,2.0,0.0,1.0,0.0,0.0,1.0,0.0,1.0,0.0,0.0,1.0,0.0,1.0,1.0,6.0,2.0,3.0,8.0,4.0,5.0,7.0,2.0,1.0,2.0,3.0,,,,,,,5.0,5.0,5.0,8.0,11.0,13.0,13.0,13.0,13.0,13.0,14.0,15.0,17.0,17.0,18.0,18.0,18.0,19.0,19.0,20.0,20.0,20.0,21.0,21.0,22.0,23.0,29.0,31.0,34.0,42.0,46.0,51.0,58.0,60.0,61.0,63.0,66.0,,,,,,,160.8,0.0,0.0,241.2,241.2,160.8,0.0,0.0,0.0,0.0,80.4,80.4,160.8,0.0,80.4,0.0,0.0,80.4,0.0,80.4,0.0,0.0,80.4,0.0,80.4,80.4,482.3,160.8,241.2,643.1,321.5,401.9,562.7,160.8,80.4,160.8,241.2
60603,,,,,,,,,,,1.0,1.0,0.0,0.0,0.0,0.0,0.0,0.0,0.0,2.0,1.0,0.0,1.0,1.0,0.0,0.0,0.0,2.0,0.0,0.0,0.0,0.0,2.0,0.0,3.0,0.0,5.0,9.0,5.0,3.0,1.0,2.0,2.0,,,,,,,,,,,5.0,6.0,6.0,6.0,6.0,6.0,6.0,6.0,6.0,8.0,9.0,9.0,10.0,11.0,11.0,11.0,11.0,13.0,13.0,13.0,13.0,13.0,15.0,15.0,18.0,18.0,23.0,32.0,37.0,40.0,41.0,43.0,45.0,,,,,,,,,,,85.2,85.2,0.0,0.0,0.0,0.0,0.0,0.0,0.0,170.4,85.2,0.0,85.2,85.2,0.0,0.0,0.0,170.4,0.0,0.0,0.0,0.0,170.4,0.0,255.5,0.0,425.9,766.6,425.9,255.5,85.2,170.4,170.4
60604,,,,,,,,2.0,5.0,2.0,3.0,3.0,2.0,1.0,1.0,0.0,1.0,0.0,0.0,0.0,0.0,0.0,0.0,0.0,4.0,1.0,1.0,0.0,0.0,0.0,0.0,2.0,1.0,1.0,6.0,9.0,8.0,8.0,6.0,2.0,2.0,0.0,2.0,,,,,,,,6.0,11.0,13.0,16.0,19.0,21.0,22.0,23.0,23.0,24.0,24.0,24.0,24.0,24.0,24.0,24.0,24.0,28.0,29.0,30.0,30.0,30.0,30.0,30.0,32.0,33.0,34.0,40.0,49.0,57.0,65.0,71.0,73.0,75.0,75.0,77.0,,,,,,,,255.8,639.4,255.8,383.6,383.6,255.8,127.9,127.9,0.0,127.9,0.0,0.0,0.0,0.0,0.0,0.0,0.0,511.5,127.9,127.9,0.0,0.0,0.0,0.0,255.8,127.9,127.9,767.3,1150.9,1023.0,1023.0,767.3,255.8,255.8,0.0,255.8
60605,,,20.0,16.0,13.0,13.0,28.0,25.0,17.0,14.0,6.0,14.0,18.0,7.0,4.0,17.0,14.0,6.0,12.0,16.0,14.0,14.0,13.0,8.0,16.0,8.0,22.0,11.0,16.0,12.0,11.0,17.0,44.0,73.0,80.0,105.0,117.0,157.0,58.0,76.0,74.0,62.0,42.0,,,23.0,39.0,52.0,65.0,93.0,118.0,135.0,149.0,155.0,169.0,187.0,194.0,198.0,215.0,229.0,235.0,247.0,263.0,277.0,291.0,304.0,312.0,328.0,336.0,358.0,369.0,385.0,397.0,408.0,425.0,469.0,542.0,622.0,727.0,844.0,1001.0,1059.0,1135.0,1209.0,1271.0,1313.0,,,72.7,58.1,47.2,47.2,101.7,90.8,61.8,50.9,21.8,50.9,65.4,25.4,14.5,61.8,50.9,21.8,43.6,58.1,50.9,50.9,47.2,29.1,58.1,29.1,79.9,40.0,58.1,43.6,40.0,61.8,159.9,265.3,290.7,381.6,425.2,570.5,210.8,276.2,268.9,225.3,152.6
60606,,,,,1.0,2.0,6.0,2.0,2.0,2.0,1.0,0.0,2.0,5.0,0.0,0.0,2.0,4.0,3.0,3.0,7.0,0.0,3.0,6.0,3.0,3.0,2.0,1.0,3.0,2.0,2.0,5.0,5.0,11.0,14.0,19.0,21.0,15.0,17.0,9.0,16.0,9.0,9.0,,,,,5.0,7.0,13.0,15.0,17.0,19.0,20.0,20.0,22.0,27.0,27.0,27.0,29.0,33.0,36.0,39.0,46.0,46.0,49.0,55.0,58.0,61.0,63.0,64.0,67.0,69.0,71.0,76.0,81.0,92.0,106.0,125.0,146.0,161.0,178.0,187.0,203.0,212.0,221.0,,,,,32.2,64.5,193.5,64.5,64.5,64.5,32.2,0.0,64.5,161.2,0.0,0.0,64.5,129.0,96.7,96.7,225.7,0.0,96.7,193.5,96.7,96.7,64.5,32.2,96.7,64.5,64.5,161.2,161.2,354.7,451.5,612.7,677.2,483.7,548.2,290.2,516.0,290.2,290.2
60607,,,14.0,29.0,33.0,205.0,37.0,18.0,49.0,19.0,14.0,17.0,4.0,5.0,8.0,11.0,15.0,8.0,16.0,14.0,13.0,16.0,31.0,25.0,21.0,12.0,20.0,21.0,23.0,40.0,14.0,32.0,57.0,84.0,114.0,133.0,156.0,107.0,82.0,91.0,72.0,52.0,48.0,,,17.0,46.0,79.0,284.0,321.0,339.0,388.0,407.0,421.0,438.0,442.0,447.0,455.0,466.0,481.0,489.0,505.0,519.0,532.0,548.0,579.0,604.0,625.0,637.0,657.0,678.0,701.0,741.0,755.0,787.0,844.0,928.0,1042.0,1175.0,1331.0,1438.0,1520.0,1611.0,1683.0,1735.0,1783.0,,,47.3,98.0,111.5,692.8,125.0,60.8,165.6,64.2,47.3,57.4,13.5,16.9,27.0,37.2,50.7,27.0,54.1,47.3,43.9,54.1,104.8,84.5,71.0,40.6,67.6,71.0,77.7,135.2,47.3,108.1,192.6,283.9,385.3,449.5,527.2,361.6,277.1,307.5,243.3,175.7,162.2
60608,,,13.0,76.0,75.0,123.0,127.0,194.0,350.0,232.0,190.0,172.0,104.0,75.0,48.0,34.0,27.0,36.0,47.0,39.0,57.0,50.0,78.0,80.0,104.0,81.0,59.0,82.0,74.0,69.0,70.0,106.0,124.0,182.0,290.0,465.0,504.0,452.0,296.0,415.0,320.0,183.0,108.0,,,15.0,91.0,166.0,289.0,416.0,610.0,960.0,1192.0,1382.0,1554.0,1658.0,1733.0,1781.0,1815.0,1842.0,1878.0,1925.0,1964.0,2021.0,2071.0,2149.0,2229.0,2333.0,2414.0,2473.0,2555.0,2629.0,2698.0,2768.0,2874.0,2998.0,3180.0,3470.0,3935.0,4439.0,4891.0,5187.0,5602.0,5922.0,6105.0,6213.0,,,16.4,96.0,94.7,155.3,160.3,244.9,441.9,292.9,239.9,217.2,131.3,94.7,60.6,42.9,34.1,45.5,59.3,49.2,72.0,63.1,98.5,101.0,131.3,102.3,74.5,103.5,93.4,87.1,88.4,133.8,156.6,229.8,366.1,587.1,636.3,570.7,373.7,524.0,404.0,231.0,136.4
60609,,,13.0,46.0,52.0,78.0,152.0,221.0,302.0,218.0,245.0,230.0,138.0,54.0,46.0,25.0,39.0,44.0,50.0,49.0,43.0,65.0,53.0,56.0,79.0,66.0,58.0,50.0,49.0,56.0,70.0,70.0,122.0,183.0,240.0,364.0,441.0,333.0,226.0,327.0,263.0,187.0,132.0,,,14.0,60.0,112.0,190.0,342.0,563.0,865.0,1083.0,1328.0,1558.0,1696.0,1750.0,1796.0,1821.0,1860.0,1904.0,1954.0,2003.0,2046.0,2111.0,2164.0,2220.0,2299.0,2365.0,2423.0,2473.0,2522.0,2578.0,2648.0,2718.0,2840.0,3023.0,3263.0,3627.0,4068.0,4401.0,4627.0,4954.0,5217.0,5404.0,5536.0,,,21.1,74.8,84.6,126.8,247.2,359.4,491.1,354.5,398.4,374.0,224.4,87.8,74.8,40.7,63.4,71.6,81.3,79.7,69.9,105.7,86.2,91.1,128.5,107.3,94.3,81.3,79.7,91.1,113.8,113.8,198.4,297.6,390.3,591.9,717.1,541.5,367.5,531.8,427.7,304.1,214.7
60610,,5.0,24.0,34.0,19.0,15.0,15.0,22.0,22.0,22.0,29.0,24.0,17.0,11.0,6.0,9.0,26.0,23.0,27.0,22.0,27.0,20.0,22.0,20.0,37.0,18.0,33.0,35.0,45.0,35.0,34.0,46.0,59.0,84.0,184.0,221.0,254.0,180.0,93.0,118.0,106.0,71.0,73.0,,5.0,29.0,63.0,82.0,97.0,112.0,134.0,156.0,178.0,207.0,231.0,248.0,259.0,265.0,274.0,300.0,323.0,350.0,372.0,399.0,419.0,441.0,461.0,498.0,516.0,549.0,584.0,629.0,664.0,698.0,744.0,803.0,887.0,1071.0,1292.0,1546.0,1726.0,1819.0,1937.0,2043.0,2114.0,2187.0,,12.8,61.5,87.1,48.7,38.4,38.4,56.4,56.4,56.4,74.3,61.5,43.6,28.2,15.4,23.1,66.6,58.9,69.2,56.4,69.2,51.3,56.4,51.3,94.8,46.1,84.6,89.7,115.3,89.7,87.1,117.9,151.2,215.3,471.6,566.4,651.0,461.3,238.3,302.4,271.7,182.0,187.1
60611,,,15.0,25.0,16.0,8.0,8.0,8.0,12.0,7.0,15.0,10.0,15.0,9.0,4.0,11.0,12.0,21.0,27.0,17.0,24.0,22.0,18.0,29.0,19.0,19.0,20.0,21.0,24.0,22.0,25.0,33.0,33.0,90.0,108.0,144.0,143.0,126.0,86.0,82.0,60.0,67.0,37.0,,,16.0,41.0,57.0,65.0,73.0,81.0,93.0,100.0,115.0,125.0,140.0,149.0,153.0,164.0,176.0,197.0,224.0,241.0,265.0,287.0,305.0,334.0,353.0,372.0,392.0,413.0,437.0,459.0,484.0,517.0,550.0,640.0,748.0,892.0,1035.0,1161.0,1247.0,1329.0,1389.0,1456.0,1493.0,,,46.3,77.1,49.3,24.7,24.7,24.7,37.0,21.6,46.3,30.8,46.3,27.8,12.3,33.9,37.0,64.8,83.3,52.4,74.0,67.8,55.5,89.4,58.6,58.6,61.7,64.8,74.0,67.8,77.1,101.8,101.8,277.6,333.1,444.1,441.0,388.6,265.2,252.9,185.0,206.6,114.1
60612,,,19.0,62.0,54.0,70.0,64.0,80.0,69.0,86.0,77.0,64.0,26.0,24.0,12.0,7.0,16.0,19.0,26.0,19.0,19.0,17.0,16.0,24.0,18.0,32.0,18.0,16.0,22.0,17.0,16.0,41.0,42.0,93.0,111.0,164.0,234.0,245.0,144.0,180.0,152.0,111.0,64.0,,,19.0,81.0,135.0,205.0,269.0,349.0,418.0,504.0,581.0,645.0,671.0,695.0,707.0,714.0,730.0,749.0,775.0,794.0,813.0,830.0,846.0,870.0,888.0,920.0,938.0,954.0,976.0,993.0,1009.0,1050.0,1092.0,1185.0,1296.0,1460.0,1694.0,1939.0,2083.0,2263.0,2415.0,2526.0,2590.0,,,55.4,180.7,157.4,204.0,186.5,233.2,201.1,250.6,224.4,186.5,75.8,69.9,35.0,20.4,46.6,55.4,75.8,55.4,55.4,49.5,46.6,69.9,52.5,93.3,52.5,46.6,64.1,49.5,46.6,119.5,122.4,271.1,323.5,478.0,682.0,714.1,419.7,524.6,443.0,323.5,186.5
60613,,5.0,25.0,33.0,52.0,33.0,36.0,37.0,66.0,31.0,14.0,17.0,13.0,16.0,14.0,10.0,19.0,27.0,24.0,32.0,28.0,27.0,30.0,20.0,29.0,25.0,32.0,19.0,44.0,35.0,50.0,57.0,94.0,112.0,159.0,200.0,284.0,184.0,125.0,140.0,133.0,93.0,87.0,,5.0,30.0,63.0,115.0,148.0,184.0,221.0,287.0,318.0,332.0,349.0,362.0,378.0,392.0,402.0,421.0,448.0,472.0,504.0,532.0,559.0,589.0,609.0,638.0,663.0,695.0,714.0,758.0,793.0,843.0,900.0,994.0,1106.0,1265.0,1465.0,1749.0,1933.0,2058.0,2198.0,2331.0,2424.0,2511.0,,10.0,49.9,65.9,103.8,65.9,71.8,73.8,131.7,61.9,27.9,33.9,25.9,31.9,27.9,20.0,37.9,53.9,47.9,63.9,55.9,53.9,59.9,39.9,57.9,49.9,63.9,37.9,87.8,69.8,99.8,113.7,187.6,223.5,317.3,399.1,566.7,367.2,249.4,279.4,265.4,185.6,173.6
60614,,14.0,24.0,39.0,43.0,52.0,32.0,68.0,96.0,58.0,40.0,16.0,16.0,5.0,15.0,18.0,30.0,49.0,44.0,31.0,40.0,43.0,48.0,38.0,23.0,54.0,46.0,48.0,72.0,47.0,63.0,113.0,114.0,127.0,230.0,348.0,362.0,257.0,176.0,188.0,175.0,129.0,100.0,,14.0,38.0,77.0,120.0,172.0,204.0,272.0,368.0,426.0,466.0,482.0,498.0,503.0,518.0,536.0,566.0,615.0,659.0,690.0,730.0,773.0,821.0,859.0,882.0,936.0,982.0,1030.0,1102.0,1149.0,1212.0,1325.0,1439.0,1566.0,1796.0,2144.0,2506.0,2763.0,2939.0,3127.0,3302.0,3431.0,3531.0,,19.6,33.7,54.7,60.3,72.9,44.9,95.4,134.6,81.3,56.1,22.4,22.4,7.0,21.0,25.2,42.1,68.7,61.7,43.5,56.1,60.3,67.3,53.3,32.3,75.7,64.5,67.3,101.0,65.9,88.3,158.5,159.9,178.1,322.5,488.0,507.7,360.4,246.8,263.6,245.4,180.9,140.2
60615,,,25.0,31.0,42.0,33.0,39.0,44.0,28.0,31.0,28.0,30.0,21.0,11.0,12.0,12.0,13.0,17.0,26.0,37.0,24.0,20.0,13.0,17.0,11.0,20.0,18.0,6.0,17.0,15.0,8.0,34.0,35.0,40.0,69.0,119.0,139.0,119.0,91.0,94.0,86.0,61.0,46.0,,,26.0,57.0,99.0,132.0,171.0,215.0,243.0,274.0,302.0,332.0,353.0,364.0,376.0,388.0,401.0,418.0,444.0,481.0,505.0,525.0,538.0,555.0,566.0,586.0,604.0,610.0,627.0,642.0,650.0,684.0,719.0,759.0,828.0,947.0,1086.0,1205.0,1296.0,1390.0,1476.0,1537.0,1583.0,,,60.1,74.6,101.1,79.4,93.8,105.9,67.4,74.6,67.4,72.2,50.5,26.5,28.9,28.9,31.3,40.9,62.6,89.0,57.7,48.1,31.3,40.9,26.5,48.1,43.3,14.4,40.9,36.1,19.2,81.8,84.2,96.2,166.0,286.3,334.4,286.3,218.9,226.2,206.9,146.8,110.7
60616,,,11.0,35.0,52.0,53.0,46.0,39.0,33.0,36.0,57.0,31.0,30.0,18.0,11.0,8.0,23.0,25.0,33.0,23.0,22.0,20.0,24.0,25.0,39.0,32.0,31.0,28.0,24.0,27.0,28.0,37.0,74.0,127.0,129.0,208.0,209.0,190.0,111.0,166.0,119.0,196.0,110.0,,,14.0,49.0,101.0,154.0,200.0,239.0,272.0,308.0,365.0,396.0,426.0,444.0,455.0,463.0,486.0,511.0,544.0,567.0,589.0,609.0,633.0,658.0,697.0,729.0,760.0,788.0,812.0,839.0,867.0,904.0,978.0,1105.0,1234.0,1442.0,1651.0,1841.0,1952.0,2118.0,2237.0,2433.0,2543.0,,,20.2,64.3,95.5,97.3,84.5,71.6,60.6,66.1,104.7,56.9,55.1,33.0,20.2,14.7,42.2,45.9,60.6,42.2,40.4,36.7,44.1,45.9,71.6,58.8,56.9,51.4,44.1,49.6,51.4,67.9,135.9,233.2,236.9,381.9,383.7,348.9,203.8,304.8,218.5,359.9,202.0
60617,,,22.0,84.0,100.0,89.0,65.0,99.0,152.0,128.0,140.0,131.0,69.0,35.0,42.0,32.0,43.0,43.0,66.0,95.0,92.0,123.0,73.0,81.0,85.0,80.0,68.0,42.0,69.0,55.0,84.0,112.0,169.0,170.0,272.0,393.0,511.0,458.0,286.0,425.0,311.0,232.0,149.0,,,24.0,108.0,208.0,297.0,362.0,461.0,613.0,741.0,881.0,1012.0,1081.0,1116.0,1158.0,1190.0,1233.0,1276.0,1342.0,1437.0,1529.0,1652.0,1725.0,1806.0,1891.0,1971.0,2039.0,2081.0,2150.0,2205.0,2289.0,2401.0,2570.0,2740.0,3012.0,3405.0,3916.0,4374.0,4660.0,5085.0,5396.0,5628.0,5777.0,,,26.7,101.8,121.2,107.8,78.8,120.0,184.2,155.1,169.6,158.7,83.6,42.4,50.9,38.8,52.1,52.1,80.0,115.1,111.5,149.0,88.4,98.1,103.0,96.9,82.4,50.9,83.6,66.6,101.8,135.7,204.8,206.0,329.6,476.2,619.1,554.9,346.5,514.9,376.8,281.1,180.5
60618,,5.0,16.0,38.0,63.0,94.0,138.0,157.0,134.0,181.0,138.0,141.0,103.0,61.0,55.0,50.0,51.0,37.0,43.0,47.0,37.0,65.0,81.0,91.0,88.0,69.0,84.0,51.0,65.0,64.0,71.0,118.0,162.0,211.0,320.0,390.0,512.0,396.0,281.0,386.0,309.0,212.0,177.0,,6.0,22.0,60.0,123.0,217.0,355.0,512.0,646.0,827.0,965.0,1106.0,1209.0,1270.0,1325.0,1375.0,1426.0,1463.0,1506.0,1553.0,1590.0,1655.0,1736.0,1827.0,1915.0,1984.0,2068.0,2119.0,2184.0,2248.0,2319.0,2437.0,2599.0,2810.0,3130.0,3520.0,4032.0,4428.0,4709.0,5095.0,5404.0,5616.0,5793.0,,5.3,17.0,40.3,66.7,99.6,146.2,166.3,142.0,191.7,146.2,149.4,109.1,64.6,58.3,53.0,54.0,39.2,45.6,49.8,39.2,68.9,85.8,96.4,93.2,73.1,89.0,54.0,68.9,67.8,75.2,125.0,171.6,223.5,339.0,413.2,542.4,419.5,297.7,408.9,327.3,224.6,187.5
60619,,,28.0,98.0,112.0,96.0,92.0,120.0,82.0,72.0,62.0,60.0,47.0,26.0,26.0,22.0,30.0,32.0,54.0,36.0,43.0,45.0,31.0,34.0,32.0,35.0,28.0,24.0,20.0,26.0,38.0,44.0,61.0,86.0,128.0,196.0,227.0,233.0,117.0,169.0,166.0,141.0,108.0,,,31.0,129.0,241.0,337.0,429.0,549.0,631.0,703.0,765.0,825.0,872.0,898.0,924.0,946.0,976.0,1008.0,1062.0,1098.0,1141.0,1186.0,1217.0,1251.0,1283.0,1318.0,1346.0,1370.0,1390.0,1416.0,1454.0,1498.0,1559.0,1645.0,1773.0,1969.0,2196.0,2429.0,2546.0,2715.0,2881.0,3022.0,3130.0,,,45.7,160.0,182.8,156.7,150.2,195.9,133.9,117.5,101.2,97.9,76.7,42.4,42.4,35.9,49.0,52.2,88.2,58.8,70.2,73.5,50.6,55.5,52.2,57.1,45.7,39.2,32.6,42.4,62.0,71.8,99.6,140.4,209.0,320.0,370.6,380.4,191.0,275.9,271.0,230.2,176.3
60620,,4.0,31.0,108.0,136.0,126.0,90.0,185.0,78.0,94.0,80.0,79.0,53.0,37.0,30.0,28.0,25.0,26.0,48.0,64.0,59.0,41.0,62.0,43.0,29.0,34.0,37.0,25.0,28.0,26.0,25.0,43.0,73.0,119.0,178.0,238.0,272.0,220.0,170.0,212.0,200.0,156.0,97.0,,5.0,36.0,144.0,280.0,406.0,496.0,681.0,759.0,853.0,933.0,1012.0,1065.0,1102.0,1132.0,1160.0,1185.0,1211.0,1259.0,1323.0,1382.0,1423.0,1485.0,1528.0,1557.0,1591.0,1628.0,1653.0,1681.0,1707.0,1732.0,1775.0,1848.0,1967.0,2145.0,2383.0,2655.0,2875.0,3045.0,3257.0,3457.0,3613.0,3710.0,,5.9,45.5,158.6,199.7,185.0,132.2,271.7,114.5,138.0,117.5,116.0,77.8,54.3,44.1,41.1,36.7,38.2,70.5,94.0,86.6,60.2,91.0,63.1,42.6,49.9,54.3,36.7,41.1,38.2,36.7,63.1,107.2,174.8,261.4,349.5,399.4,323.1,249.6,311.3,293.7,229.1,142.4
60621,,,14.0,23.0,54.0,52.0,75.0,55.0,63.0,57.0,51.0,49.0,23.0,19.0,12.0,16.0,9.0,12.0,15.0,12.0,23.0,17.0,18.0,19.0,15.0,11.0,16.0,12.0,13.0,15.0,11.0,21.0,33.0,29.0,58.0,89.0,118.0,107.0,82.0,105.0,106.0,52.0,48.0,,,14.0,37.0,91.0,143.0,218.0,273.0,336.0,393.0,444.0,493.0,516.0,535.0,547.0,563.0,572.0,584.0,599.0,611.0,634.0,651.0,669.0,688.0,703.0,714.0,730.0,742.0,755.0,770.0,781.0,802.0,835.0,864.0,922.0,1011.0,1129.0,1236.0,1318.0,1423.0,1529.0,1581.0,1629.0,,,48.2,79.2,185.9,179.1,258.2,189.4,216.9,196.3,175.6,168.7,79.2,65.4,41.3,55.1,31.0,41.3,51.6,41.3,79.2,58.5,62.0,65.4,51.6,37.9,55.1,41.3,44.8,51.6,37.9,72.3,113.6,99.9,199.7,306.5,406.3,368.4,282.3,361.5,365.0,179.1,165.3
60622,,6.0,22.0,38.0,34.0,69.0,57.0,61.0,91.0,77.0,72.0,59.0,28.0,19.0,16.0,23.0,23.0,36.0,33.0,38.0,40.0,28.0,31.0,41.0,36.0,38.0,28.0,44.0,39.0,62.0,42.0,67.0,110.0,151.0,185.0,328.0,293.0,218.0,164.0,215.0,187.0,141.0,107.0,,6.0,28.0,66.0,100.0,169.0,226.0,287.0,378.0,455.0,527.0,586.0,614.0,633.0,649.0,672.0,695.0,731.0,764.0,802.0,842.0,870.0,901.0,942.0,978.0,1016.0,1044.0,1088.0,1127.0,1189.0,1231.0,1298.0,1408.0,1559.0,1744.0,2072.0,2365.0,2583.0,2747.0,2962.0,3149.0,3290.0,3397.0,,11.4,41.7,72.0,64.4,130.7,108.0,115.5,172.4,145.9,136.4,111.8,53.0,36.0,30.3,43.6,43.6,68.2,62.5,72.0,75.8,53.0,58.7,77.7,68.2,72.0,53.0,83.3,73.9,117.4,79.6,126.9,208.4,286.0,350.4,621.3,555.0,412.9,310.6,407.3,354.2,267.1,202.7
60623,,,12.0,65.0,104.0,144.0,241.0,461.0,679.0,543.0,443.0,346.0,205.0,91.0,65.0,58.0,70.0,58.0,44.0,72.0,59.0,76.0,66.0,79.0,94.0,109.0,66.0,46.0,82.0,95.0,115.0,115.0,173.0,274.0,388.0,523.0,579.0,462.0,383.0,453.0,384.0,307.0,167.0,,,12.0,77.0,181.0,325.0,566.0,1027.0,1706.0,2249.0,2692.0,3038.0,3243.0,3334.0,3399.0,3457.0,3527.0,3585.0,3629.0,3701.0,3760.0,3836.0,3902.0,3981.0,4075.0,4184.0,4250.0,4296.0,4378.0,4473.0,4588.0,4703.0,4876.0,5150.0,5538.0,6061.0,6640.0,7102.0,7485.0,7938.0,8322.0,8629.0,8796.0,,,14.0,75.6,121.0,167.5,280.3,536.2,789.7,631.5,515.2,402.4,238.4,105.8,75.6,67.5,81.4,67.5,51.2,83.7,68.6,88.4,76.8,91.9,109.3,126.8,76.8,53.5,95.4,110.5,133.8,133.8,201.2,318.7,451.3,608.3,673.4,537.3,445.5,526.9,446.6,357.1,194.2
60624,,,18.0,57.0,91.0,77.0,93.0,85.0,92.0,88.0,73.0,107.0,55.0,25.0,13.0,22.0,22.0,27.0,33.0,23.0,23.0,20.0,17.0,31.0,33.0,22.0,31.0,13.0,28.0,25.0,18.0,22.0,40.0,57.0,82.0,117.0,171.0,157.0,108.0,133.0,110.0,94.0,61.0,,,19.0,76.0,167.0,244.0,337.0,422.0,514.0,602.0,675.0,782.0,837.0,862.0,875.0,897.0,919.0,946.0,979.0,1002.0,1025.0,1045.0,1062.0,1093.0,1126.0,1148.0,1179.0,1192.0,1220.0,1245.0,1263.0,1285.0,1325.0,1382.0,1464.0,1581.0,1752.0,1909.0,2017.0,2150.0,2260.0,2354.0,2415.0,,,49.8,157.6,251.7,213.0,257.2,235.1,254.4,243.4,201.9,295.9,152.1,69.1,36.0,60.8,60.8,74.7,91.3,63.6,63.6,55.3,47.0,85.7,91.3,60.8,85.7,36.0,77.4,69.1,49.8,60.8,110.6,157.6,226.8,323.6,472.9,434.2,298.7,367.8,304.2,260.0,168.7
60625,,,25.0,28.0,62.0,118.0,111.0,169.0,251.0,170.0,157.0,135.0,108.0,53.0,71.0,40.0,24.0,21.0,38.0,42.0,54.0,53.0,48.0,50.0,88.0,72.0,56.0,52.0,54.0,55.0,56.0,122.0,108.0,156.0,243.0,327.0,354.0,272.0,215.0,284.0,269.0,223.0,166.0,,,26.0,54.0,116.0,234.0,345.0,514.0,765.0,935.0,1092.0,1227.0,1335.0,1388.0,1459.0,1499.0,1523.0,1544.0,1582.0,1624.0,1678.0,1731.0,1779.0,1829.0,1917.0,1989.0,2045.0,2097.0,2151.0,2206.0,2262.0,2384.0,2492.0,2648.0,2891.0,3218.0,3572.0,3844.0,4059.0,4343.0,4612.0,4835.0,5001.0,,,31.5,35.3,78.2,148.9,140.1,213.3,316.7,214.5,198.1,170.4,136.3,66.9,89.6,50.5,30.3,26.5,48.0,53.0,68.1,66.9,60.6,63.1,111.1,90.9,70.7,65.6,68.1,69.4,70.7,154.0,136.3,196.9,306.7,412.7,446.7,343.2,271.3,358.4,339.5,281.4,209.5
60626,,,15.0,23.0,43.0,83.0,135.0,200.0,128.0,106.0,95.0,82.0,93.0,68.0,29.0,15.0,24.0,27.0,39.0,30.0,24.0,17.0,17.0,27.0,30.0,12.0,22.0,24.0,18.0,25.0,21.0,31.0,48.0,90.0,131.0,220.0,271.0,185.0,102.0,133.0,124.0,129.0,93.0,,,16.0,39.0,82.0,165.0,300.0,500.0,628.0,734.0,829.0,911.0,1004.0,1072.0,1101.0,1116.0,1140.0,1167.0,1206.0,1236.0,1260.0,1277.0,1294.0,1321.0,1351.0,1363.0,1385.0,1409.0,1427.0,1452.0,1473.0,1504.0,1552.0,1642.0,1773.0,1993.0,2264.0,2449.0,2551.0,2684.0,2808.0,2937.0,3030.0,,,30.2,46.2,86.5,166.9,271.5,402.2,257.4,213.2,191.0,164.9,187.0,136.7,58.3,30.2,48.3,54.3,78.4,60.3,48.3,34.2,34.2,54.3,60.3,24.1,44.2,48.3,36.2,50.3,42.2,62.3,96.5,181.0,263.4,442.4,544.9,372.0,205.1,267.4,249.3,259.4,187.0
60628,,,25.0,96.0,119.0,75.0,96.0,233.0,112.0,99.0,74.0,71.0,54.0,20.0,27.0,31.0,31.0,37.0,57.0,49.0,55.0,41.0,55.0,35.0,49.0,30.0,49.0,28.0,27.0,26.0,35.0,63.0,86.0,104.0,174.0,224.0,290.0,229.0,159.0,183.0,157.0,115.0,79.0,,,27.0,123.0,242.0,317.0,413.0,646.0,758.0,857.0,931.0,1002.0,1056.0,1076.0,1103.0,1134.0,1165.0,1202.0,1259.0,1308.0,1363.0,1404.0,1459.0,1494.0,1543.0,1573.0,1622.0,1650.0,1677.0,1703.0,1738.0,1801.0,1887.0,1991.0,2165.0,2389.0,2679.0,2908.0,3067.0,3250.0,3407.0,3522.0,3601.0,,,37.5,143.9,178.3,112.4,143.9,349.2,167.9,148.4,110.9,106.4,80.9,30.0,40.5,46.5,46.5,55.5,85.4,73.4,82.4,61.4,82.4,52.5,73.4,45.0,73.4,42.0,40.5,39.0,52.5,94.4,128.9,155.9,260.8,335.7,434.6,343.2,238.3,274.3,235.3,172.4,118.4
60629,,,16.0,67.0,92.0,137.0,255.0,425.0,565.0,477.0,457.0,385.0,259.0,116.0,93.0,82.0,83.0,70.0,83.0,106.0,99.0,152.0,187.0,171.0,186.0,187.0,171.0,140.0,182.0,188.0,129.0,215.0,367.0,505.0,679.0,984.0,1207.0,982.0,612.0,864.0,670.0,523.0,308.0,,,16.0,83.0,175.0,312.0,567.0,992.0,1557.0,2034.0,2491.0,2876.0,3135.0,3251.0,3344.0,3426.0,3509.0,3579.0,3662.0,3768.0,3867.0,4019.0,4206.0,4377.0,4563.0,4750.0,4921.0,5061.0,5243.0,5431.0,5560.0,5775.0,6142.0,6647.0,7326.0,8310.0,9517.0,10499.0,11111.0,11975.0,12645.0,13168.0,13476.0,,,14.3,59.9,82.3,122.5,228.0,380.0,505.1,426.5,408.6,344.2,231.6,103.7,83.1,73.3,74.2,62.6,74.2,94.8,88.5,135.9,167.2,152.9,166.3,167.2,152.9,125.2,162.7,168.1,115.3,192.2,328.1,451.5,607.1,879.7,1079.1,878.0,547.2,772.5,599.0,467.6,275.4
60630,,,13.0,26.0,45.0,53.0,65.0,108.0,118.0,101.0,105.0,88.0,52.0,20.0,22.0,29.0,16.0,10.0,15.0,18.0,31.0,34.0,32.0,50.0,57.0,50.0,54.0,29.0,42.0,38.0,58.0,84.0,127.0,157.0,199.0,285.0,365.0,234.0,208.0,227.0,209.0,227.0,152.0,,,13.0,39.0,84.0,137.0,202.0,310.0,428.0,529.0,634.0,722.0,774.0,794.0,816.0,845.0,861.0,871.0,886.0,904.0,935.0,969.0,1001.0,1051.0,1108.0,1158.0,1212.0,1241.0,1283.0,1321.0,1379.0,1463.0,1590.0,1747.0,1946.0,2231.0,2596.0,2830.0,3038.0,3265.0,3474.0,3701.0,3853.0,,,22.7,45.3,78.5,92.4,113.4,188.3,205.8,176.1,183.1,153.5,90.7,34.9,38.4,50.6,27.9,17.4,26.2,31.4,54.1,59.3,55.8,87.2,99.4,87.2,94.2,50.6,73.2,66.3,101.1,146.5,221.5,273.8,347.0,497.0,636.5,408.1,362.7,395.9,364.5,395.9,265.1
60631,,,8.0,21.0,24.0,26.0,18.0,28.0,25.0,44.0,40.0,30.0,11.0,22.0,11.0,19.0,16.0,25.0,14.0,17.0,26.0,21.0,41.0,27.0,19.0,31.0,20.0,18.0,21.0,33.0,37.0,40.0,58.0,73.0,102.0,173.0,221.0,187.0,126.0,121.0,85.0,104.0,95.0,,,10.0,31.0,55.0,81.0,99.0,127.0,152.0,196.0,236.0,266.0,277.0,299.0,310.0,329.0,345.0,370.0,384.0,401.0,427.0,448.0,489.0,516.0,535.0,566.0,586.0,604.0,625.0,658.0,695.0,735.0,793.0,866.0,968.0,1141.0,1362.0,1549.0,1675.0,1796.0,1881.0,1985.0,2080.0,,,27.1,71.1,81.3,88.0,61.0,94.8,84.7,149.0,135.5,101.6,37.3,74.5,37.3,64.3,54.2,84.7,47.4,57.6,88.0,71.1,138.8,91.4,64.3,105.0,67.7,61.0,71.1,111.8,125.3,135.5,196.4,247.2,345.4,585.9,748.4,633.3,426.7,409.8,287.9,352.2,321.7
60632,,,4.0,27.0,56.0,114.0,264.0,451.0,587.0,473.0,447.0,354.0,184.0,112.0,91.0,68.0,54.0,50.0,59.0,57.0,94.0,118.0,111.0,102.0,161.0,122.0,118.0,90.0,138.0,107.0,143.0,163.0,268.0,382.0,593.0,730.0,756.0,686.0,414.0,600.0,574.0,360.0,261.0,,,7.0,34.0,90.0,204.0,468.0,919.0,1506.0,1979.0,2426.0,2780.0,2964.0,3076.0,3167.0,3235.0,3289.0,3339.0,3398.0,3455.0,3549.0,3667.0,3778.0,3880.0,4041.0,4163.0,4281.0,4371.0,4509.0,4616.0,4759.0,4922.0,5190.0,5572.0,6165.0,6895.0,7651.0,8337.0,8751.0,9351.0,9925.0,10285.0,10546.0,,,4.4,29.7,61.5,125.2,290.0,495.4,644.8,519.6,491.0,388.8,202.1,123.0,100.0,74.7,59.3,54.9,64.8,62.6,103.3,129.6,121.9,112.0,176.8,134.0,129.6,98.9,151.6,117.5,157.1,179.0,294.4,419.6,651.4,801.9,830.4,753.5,454.8,659.1,630.5,395.4,286.7
60633,,,,,6.0,5.0,14.0,18.0,18.0,18.0,13.0,12.0,8.0,6.0,3.0,5.0,13.0,8.0,19.0,31.0,18.0,13.0,11.0,18.0,17.0,32.0,7.0,10.0,5.0,17.0,22.0,33.0,28.0,48.0,57.0,82.0,90.0,87.0,59.0,98.0,55.0,28.0,12.0,,,,,10.0,15.0,29.0,47.0,65.0,83.0,96.0,108.0,116.0,122.0,125.0,130.0,143.0,151.0,170.0,201.0,219.0,232.0,243.0,261.0,278.0,310.0,317.0,327.0,332.0,349.0,371.0,404.0,432.0,480.0,537.0,619.0,709.0,796.0,855.0,953.0,1008.0,1036.0,1048.0,,,,,46.6,38.8,108.8,139.8,139.8,139.8,101.0,93.2,62.2,46.6,23.3,38.8,101.0,62.2,147.6,240.9,139.8,101.0,85.5,139.8,132.1,248.6,54.4,77.7,38.8,132.1,170.9,256.4,217.5,372.9,442.9,637.1,699.2,675.9,458.4,761.4,427.3,217.5,93.2
60634,,,17.0,59.0,79.0,99.0,123.0,180.0,222.0,209.0,158.0,127.0,84.0,56.0,44.0,68.0,43.0,47.0,47.0,41.0,93.0,78.0,91.0,97.0,103.0,94.0,92.0,66.0,69.0,67.0,90.0,134.0,188.0,293.0,363.0,638.0,602.0,463.0,380.0,497.0,472.0,368.0,295.0,,,18.0,77.0,156.0,255.0,378.0,558.0,780.0,989.0,1147.0,1274.0,1358.0,1414.0,1458.0,1526.0,1569.0,1616.0,1663.0,1704.0,1797.0,1875.0,1966.0,2063.0,2166.0,2260.0,2352.0,2418.0,2487.0,2554.0,2644.0,2778.0,2966.0,3259.0,3622.0,4260.0,4862.0,5325.0,5705.0,6202.0,6674.0,7042.0,7337.0,,,22.4,77.6,104.0,130.3,161.9,236.9,292.1,275.0,207.9,167.1,110.5,73.7,57.9,89.5,56.6,61.8,61.8,54.0,122.4,102.6,119.7,127.6,135.5,123.7,121.1,86.8,90.8,88.2,118.4,176.3,247.4,385.6,477.7,839.5,792.2,609.3,500.0,654.0,621.1,484.2,388.2
60636,,,12.0,44.0,77.0,56.0,65.0,82.0,88.0,76.0,83.0,60.0,52.0,25.0,22.0,26.0,22.0,19.0,24.0,12.0,36.0,39.0,30.0,21.0,21.0,21.0,27.0,15.0,22.0,19.0,25.0,32.0,52.0,46.0,83.0,150.0,155.0,154.0,123.0,154.0,138.0,101.0,66.0,,,14.0,58.0,135.0,191.0,256.0,338.0,426.0,502.0,585.0,645.0,697.0,722.0,744.0,770.0,792.0,811.0,835.0,847.0,883.0,922.0,952.0,973.0,994.0,1015.0,1042.0,1057.0,1079.0,1098.0,1123.0,1155.0,1207.0,1253.0,1336.0,1486.0,1641.0,1795.0,1918.0,2072.0,2210.0,2311.0,2377.0,,,37.3,136.6,239.1,173.9,201.8,254.6,273.3,236.0,257.7,186.3,161.5,77.6,68.3,80.7,68.3,59.0,74.5,37.3,111.8,121.1,93.2,65.2,65.2,65.2,83.8,46.6,68.3,59.0,77.6,99.4,161.5,142.8,257.7,465.8,481.3,478.2,382.0,478.2,428.5,313.6,204.9
60637,,,22.0,36.0,57.0,61.0,56.0,75.0,50.0,55.0,79.0,56.0,34.0,19.0,16.0,12.0,14.0,16.0,33.0,21.0,20.0,22.0,25.0,17.0,26.0,26.0,17.0,12.0,22.0,31.0,27.0,33.0,43.0,64.0,88.0,157.0,192.0,175.0,167.0,170.0,113.0,104.0,65.0,,,22.0,58.0,115.0,176.0,232.0,307.0,357.0,412.0,491.0,547.0,581.0,600.0,616.0,628.0,642.0,658.0,691.0,712.0,732.0,754.0,779.0,796.0,822.0,848.0,865.0,877.0,899.0,930.0,957.0,990.0,1033.0,1097.0,1185.0,1342.0,1534.0,1709.0,1876.0,2046.0,2159.0,2263.0,2328.0,,,46.4,75.9,120.1,128.5,118.0,158.0,105.4,115.9,166.5,118.0,71.6,40.0,33.7,25.3,29.5,33.7,69.5,44.3,42.1,46.4,52.7,35.8,54.8,54.8,35.8,25.3,46.4,65.3,56.9,69.5,90.6,134.9,185.4,330.8,404.6,368.8,351.9,358.2,238.1,219.2,137.0
60638,,,8.0,38.0,50.0,67.0,89.0,156.0,185.0,153.0,130.0,114.0,55.0,33.0,32.0,22.0,33.0,35.0,39.0,35.0,48.0,71.0,101.0,66.0,98.0,99.0,75.0,57.0,75.0,97.0,114.0,122.0,189.0,238.0,356.0,501.0,581.0,357.0,299.0,341.0,307.0,219.0,141.0,,,8.0,46.0,96.0,163.0,252.0,408.0,593.0,746.0,876.0,990.0,1045.0,1078.0,1110.0,1132.0,1165.0,1200.0,1239.0,1274.0,1322.0,1393.0,1494.0,1560.0,1658.0,1757.0,1832.0,1889.0,1964.0,2061.0,2175.0,2297.0,2486.0,2724.0,3080.0,3581.0,4162.0,4519.0,4818.0,5159.0,5466.0,5685.0,5826.0,,,13.6,64.6,85.0,114.0,151.4,265.3,314.6,260.2,221.1,193.9,93.5,56.1,54.4,37.4,56.1,59.5,66.3,59.5,81.6,120.8,171.8,112.3,166.7,168.4,127.6,96.9,127.6,165.0,193.9,207.5,321.4,404.8,605.5,852.1,988.1,607.2,508.5,580.0,522.1,372.5,239.8
60639,,,14.0,54.0,88.0,159.0,266.0,422.0,633.0,538.0,385.0,366.0,217.0,111.0,117.0,67.0,72.0,83.0,79.0,65.0,76.0,131.0,99.0,119.0,115.0,113.0,92.0,78.0,80.0,108.0,103.0,192.0,260.0,319.0,510.0,762.0,900.0,729.0,525.0,672.0,636.0,480.0,318.0,,,14.0,68.0,156.0,315.0,581.0,1003.0,1636.0,2174.0,2559.0,2925.0,3142.0,3253.0,3370.0,3437.0,3509.0,3592.0,3671.0,3736.0,3812.0,3943.0,4042.0,4161.0,4276.0,4389.0,4481.0,4559.0,4639.0,4747.0,4850.0,5042.0,5302.0,5621.0,6131.0,6893.0,7793.0,8522.0,9047.0,9719.0,10355.0,10835.0,11153.0,,,15.5,59.7,97.2,175.7,293.9,466.2,699.3,594.4,425.3,404.3,239.7,122.6,129.3,74.0,79.5,91.7,87.3,71.8,84.0,144.7,109.4,131.5,127.0,124.8,101.6,86.2,88.4,119.3,113.8,212.1,287.2,352.4,563.4,841.8,994.3,805.4,580.0,742.4,702.6,530.3,351.3
60640,,,18.0,35.0,44.0,75.0,144.0,148.0,97.0,66.0,63.0,60.0,35.0,23.0,29.0,20.0,18.0,33.0,41.0,34.0,29.0,35.0,30.0,22.0,29.0,37.0,33.0,18.0,33.0,35.0,29.0,44.0,78.0,121.0,129.0,192.0,212.0,192.0,133.0,216.0,185.0,150.0,104.0,,,21.0,56.0,100.0,175.0,319.0,467.0,564.0,630.0,693.0,753.0,788.0,811.0,840.0,860.0,878.0,911.0,952.0,986.0,1015.0,1050.0,1080.0,1102.0,1131.0,1168.0,1201.0,1219.0,1252.0,1287.0,1316.0,1360.0,1438.0,1559.0,1688.0,1880.0,2092.0,2284.0,2417.0,2633.0,2818.0,2968.0,3072.0,,,25.8,50.2,63.1,107.6,206.6,212.3,139.1,94.7,90.4,86.1,50.2,33.0,41.6,28.7,25.8,47.3,58.8,48.8,41.6,50.2,43.0,31.6,41.6,53.1,47.3,25.8,47.3,50.2,41.6,63.1,111.9,173.6,185.0,275.4,304.1,275.4,190.8,309.8,265.4,215.2,149.2
60641,,,10.0,28.0,51.0,112.0,109.0,187.0,244.0,187.0,197.0,172.0,108.0,74.0,45.0,46.0,37.0,39.0,25.0,58.0,60.0,74.0,70.0,71.0,76.0,85.0,78.0,74.0,76.0,94.0,70.0,121.0,167.0,227.0,381.0,464.0,529.0,415.0,317.0,411.0,389.0,317.0,216.0,,,11.0,39.0,90.0,202.0,311.0,498.0,742.0,929.0,1126.0,1298.0,1406.0,1480.0,1525.0,1571.0,1608.0,1647.0,1672.0,1730.0,1790.0,1864.0,1934.0,2005.0,2081.0,2166.0,2244.0,2318.0,2394.0,2488.0,2558.0,2679.0,2846.0,3073.0,3454.0,3918.0,4447.0,4862.0,5179.0,5590.0,5979.0,6296.0,6512.0,,,14.1,39.4,71.8,157.7,153.5,263.3,343.6,263.3,277.4,242.2,152.1,104.2,63.4,64.8,52.1,54.9,35.2,81.7,84.5,104.2,98.6,100.0,107.0,119.7,109.8,104.2,107.0,132.4,98.6,170.4,235.1,319.6,536.4,653.3,744.8,584.3,446.3,578.7,547.7,446.3,304.1
60642,,,,12.0,11.0,10.0,5.0,31.0,22.0,16.0,13.0,15.0,9.0,9.0,12.0,17.0,17.0,16.0,23.0,13.0,7.0,14.0,11.0,16.0,10.0,14.0,16.0,13.0,17.0,18.0,9.0,28.0,47.0,68.0,81.0,123.0,132.0,116.0,61.0,75.0,65.0,64.0,45.0,,,,16.0,27.0,37.0,42.0,73.0,95.0,111.0,124.0,139.0,148.0,157.0,169.0,186.0,203.0,219.0,242.0,255.0,262.0,276.0,287.0,303.0,313.0,327.0,343.0,356.0,373.0,391.0,400.0,428.0,475.0,543.0,624.0,747.0,879.0,995.0,1056.0,1131.0,1196.0,1260.0,1305.0,,,,59.4,54.5,49.5,24.8,153.5,108.9,79.2,64.4,74.3,44.6,44.6,59.4,84.2,84.2,79.2,113.9,64.4,34.7,69.3,54.5,79.2,49.5,69.3,79.2,64.4,84.2,89.1,44.6,138.6,232.7,336.6,401.0,608.9,653.4,574.2,302.0,371.3,321.8,316.8,222.8
60643,,,21.0,71.0,102.0,89.0,60.0,146.0,46.0,49.0,46.0,36.0,31.0,18.0,21.0,14.0,21.0,27.0,51.0,42.0,52.0,41.0,27.0,35.0,37.0,27.0,29.0,16.0,33.0,18.0,34.0,46.0,98.0,119.0,175.0,214.0,244.0,205.0,153.0,165.0,161.0,118.0,82.0,,,22.0,93.0,195.0,284.0,344.0,490.0,536.0,585.0,631.0,667.0,698.0,716.0,737.0,751.0,772.0,799.0,850.0,892.0,944.0,985.0,1012.0,1047.0,1084.0,1111.0,1140.0,1156.0,1189.0,1207.0,1241.0,1287.0,1385.0,1504.0,1679.0,1893.0,2137.0,2342.0,2495.0,2660.0,2821.0,2939.0,3021.0,,,42.1,142.4,204.5,178.5,120.3,292.8,92.2,98.3,92.2,72.2,62.2,36.1,42.1,28.1,42.1,54.1,102.3,84.2,104.3,82.2,54.1,70.2,74.2,54.1,58.2,32.1,66.2,36.1,68.2,92.2,196.5,238.6,350.9,429.1,489.3,411.1,306.8,330.9,322.8,236.6,164.4
60644,,3.0,17.0,68.0,89.0,118.0,80.0,222.0,151.0,116.0,107.0,120.0,127.0,43.0,11.0,22.0,16.0,24.0,24.0,33.0,29.0,15.0,29.0,27.0,20.0,34.0,19.0,15.0,28.0,27.0,27.0,34.0,39.0,80.0,103.0,138.0,201.0,196.0,153.0,140.0,146.0,116.0,75.0,,5.0,22.0,90.0,179.0,297.0,377.0,599.0,750.0,866.0,973.0,1093.0,1220.0,1263.0,1274.0,1296.0,1312.0,1336.0,1360.0,1393.0,1422.0,1437.0,1466.0,1493.0,1513.0,1547.0,1566.0,1581.0,1609.0,1636.0,1663.0,1697.0,1736.0,1816.0,1919.0,2057.0,2258.0,2454.0,2607.0,2747.0,2893.0,3009.0,3084.0,,6.3,35.6,142.5,186.5,247.3,167.7,465.3,316.5,243.1,224.3,251.5,266.2,90.1,23.1,46.1,33.5,50.3,50.3,69.2,60.8,31.4,60.8,56.6,41.9,71.3,39.8,31.4,58.7,56.6,56.6,71.3,81.7,167.7,215.9,289.2,421.3,410.8,320.7,293.4,306.0,243.1,157.2
60645,,,24.0,107.0,106.0,114.0,138.0,112.0,115.0,80.0,128.0,62.0,41.0,28.0,39.0,20.0,20.0,13.0,10.0,20.0,15.0,20.0,22.0,20.0,40.0,47.0,31.0,25.0,21.0,34.0,37.0,35.0,61.0,92.0,147.0,220.0,278.0,187.0,133.0,202.0,213.0,175.0,120.0,,,24.0,131.0,237.0,351.0,489.0,601.0,716.0,796.0,924.0,986.0,1027.0,1055.0,1094.0,1114.0,1134.0,1147.0,1157.0,1177.0,1192.0,1212.0,1234.0,1254.0,1294.0,1341.0,1372.0,1397.0,1418.0,1452.0,1489.0,1524.0,1585.0,1677.0,1824.0,2044.0,2322.0,2509.0,2642.0,2844.0,3057.0,3232.0,3352.0,,,50.3,224.2,222.1,238.8,289.1,234.6,240.9,167.6,268.2,129.9,85.9,58.7,81.7,41.9,41.9,27.2,21.0,41.9,31.4,41.9,46.1,41.9,83.8,98.5,64.9,52.4,44.0,71.2,77.5,73.3,127.8,192.7,308.0,460.9,582.4,391.8,278.6,423.2,446.2,366.6,251.4
60646,,,7.0,17.0,16.0,20.0,20.0,106.0,50.0,45.0,34.0,31.0,19.0,6.0,11.0,7.0,7.0,6.0,12.0,2.0,9.0,15.0,15.0,13.0,16.0,30.0,27.0,17.0,9.0,21.0,21.0,23.0,57.0,53.0,95.0,125.0,161.0,147.0,109.0,119.0,92.0,74.0,76.0,,,9.0,26.0,42.0,62.0,82.0,188.0,238.0,283.0,317.0,348.0,367.0,373.0,384.0,391.0,398.0,404.0,416.0,418.0,427.0,442.0,457.0,470.0,486.0,516.0,543.0,560.0,569.0,590.0,611.0,634.0,691.0,744.0,839.0,964.0,1125.0,1272.0,1381.0,1500.0,1592.0,1666.0,1742.0,,,25.0,60.7,57.2,71.5,71.5,378.7,178.7,160.8,121.5,110.8,67.9,21.4,39.3,25.0,25.0,21.4,42.9,7.1,32.2,53.6,53.6,46.5,57.2,107.2,96.5,60.7,32.2,75.0,75.0,82.2,203.7,189.4,339.4,446.6,575.3,525.2,389.5,425.2,328.7,264.4,271.6
60647,,8.0,13.0,27.0,41.0,69.0,123.0,221.0,202.0,187.0,185.0,134.0,89.0,51.0,55.0,49.0,37.0,49.0,53.0,60.0,62.0,66.0,83.0,62.0,76.0,71.0,48.0,61.0,57.0,52.0,68.0,113.0,166.0,247.0,329.0,448.0,519.0,452.0,309.0,371.0,352.0,282.0,206.0,,8.0,21.0,48.0,89.0,158.0,281.0,502.0,704.0,891.0,1076.0,1210.0,1299.0,1350.0,1405.0,1454.0,1491.0,1540.0,1593.0,1653.0,1715.0,1781.0,1864.0,1926.0,2002.0,2073.0,2121.0,2182.0,2239.0,2291.0,2359.0,2472.0,2638.0,2885.0,3214.0,3662.0,4181.0,4633.0,4942.0,5313.0,5665.0,5947.0,6153.0,,9.1,14.9,30.9,46.9,78.8,140.6,252.5,230.8,213.7,211.4,153.1,101.7,58.3,62.9,56.0,42.3,56.0,60.6,68.6,70.8,75.4,94.8,70.8,86.8,81.1,54.9,69.7,65.1,59.4,77.7,129.1,189.7,282.3,376.0,511.9,593.1,516.5,353.1,424.0,402.2,322.3,235.4
60649,,,28.0,48.0,70.0,74.0,96.0,191.0,79.0,67.0,52.0,53.0,42.0,24.0,13.0,15.0,14.0,21.0,35.0,30.0,30.0,29.0,24.0,25.0,16.0,21.0,16.0,17.0,12.0,13.0,18.0,39.0,51.0,60.0,75.0,127.0,179.0,144.0,116.0,118.0,120.0,79.0,80.0,,,28.0,76.0,146.0,220.0,316.0,507.0,586.0,653.0,705.0,758.0,800.0,824.0,837.0,852.0,866.0,887.0,922.0,952.0,982.0,1011.0,1035.0,1060.0,1076.0,1097.0,1113.0,1130.0,1142.0,1155.0,1173.0,1212.0,1263.0,1323.0,1398.0,1525.0,1704.0,1848.0,1964.0,2082.0,2202.0,2281.0,2361.0,,,60.8,104.3,152.1,160.8,208.6,415.0,171.6,145.6,113.0,115.2,91.3,52.1,28.2,32.6,30.4,45.6,76.0,65.2,65.2,63.0,52.1,54.3,34.8,45.6,34.8,36.9,26.1,28.2,39.1,84.7,110.8,130.4,163.0,275.9,388.9,312.9,252.0,256.4,260.7,171.6,173.8
60651,,,15.0,66.0,77.0,117.0,122.0,201.0,270.0,239.0,202.0,212.0,148.0,55.0,57.0,38.0,31.0,33.0,41.0,60.0,58.0,48.0,76.0,69.0,55.0,59.0,59.0,35.0,46.0,55.0,58.0,63.0,102.0,164.0,263.0,369.0,453.0,409.0,283.0,368.0,332.0,255.0,175.0,,,15.0,81.0,158.0,275.0,397.0,598.0,868.0,1107.0,1309.0,1521.0,1669.0,1724.0,1781.0,1819.0,1850.0,1883.0,1924.0,1984.0,2042.0,2090.0,2166.0,2235.0,2290.0,2349.0,2408.0,2443.0,2489.0,2544.0,2602.0,2665.0,2767.0,2931.0,3194.0,3563.0,4016.0,4425.0,4708.0,5076.0,5408.0,5663.0,5838.0,,,23.7,104.4,121.8,185.1,193.0,317.9,427.1,378.1,319.5,335.3,234.1,87.0,90.2,60.1,49.0,52.2,64.9,94.9,91.7,75.9,120.2,109.1,87.0,93.3,93.3,55.4,72.8,87.0,91.7,99.7,161.3,259.4,416.0,583.7,716.6,647.0,447.7,582.1,525.2,403.4,276.8
60652,,,12.0,44.0,62.0,52.0,68.0,99.0,150.0,113.0,98.0,122.0,70.0,45.0,18.0,29.0,27.0,35.0,53.0,30.0,38.0,34.0,36.0,53.0,61.0,75.0,70.0,50.0,61.0,57.0,78.0,108.0,94.0,138.0,192.0,282.0,324.0,221.0,182.0,228.0,181.0,138.0,105.0,,,12.0,56.0,118.0,170.0,238.0,337.0,487.0,600.0,698.0,820.0,890.0,935.0,953.0,982.0,1009.0,1044.0,1097.0,1127.0,1165.0,1199.0,1235.0,1288.0,1349.0,1424.0,1494.0,1544.0,1605.0,1662.0,1740.0,1848.0,1942.0,2080.0,2272.0,2554.0,2878.0,3099.0,3281.0,3509.0,3690.0,3828.0,3933.0,,,27.3,100.2,141.2,118.4,154.9,225.5,341.6,257.4,223.2,277.9,159.4,102.5,41.0,66.0,61.5,79.7,120.7,68.3,86.5,77.4,82.0,120.7,138.9,170.8,159.4,113.9,138.9,129.8,177.6,246.0,214.1,314.3,437.3,642.3,737.9,503.3,414.5,519.3,412.2,314.3,239.1
60653,,,21.0,45.0,47.0,62.0,62.0,47.0,38.0,52.0,49.0,48.0,22.0,18.0,14.0,13.0,21.0,15.0,23.0,21.0,26.0,22.0,20.0,13.0,14.0,11.0,16.0,9.0,9.0,15.0,13.0,25.0,32.0,55.0,91.0,109.0,158.0,123.0,85.0,118.0,108.0,77.0,48.0,,,21.0,66.0,113.0,175.0,237.0,284.0,322.0,374.0,423.0,471.0,493.0,511.0,525.0,538.0,559.0,574.0,597.0,618.0,644.0,666.0,686.0,699.0,713.0,724.0,740.0,749.0,758.0,773.0,786.0,811.0,843.0,898.0,989.0,1098.0,1256.0,1379.0,1464.0,1582.0,1690.0,1767.0,1815.0,,,65.7,140.7,147.0,193.9,193.9,147.0,118.9,162.6,153.3,150.1,68.8,56.3,43.8,40.7,65.7,46.9,71.9,65.7,81.3,68.8,62.6,40.7,43.8,34.4,50.0,28.1,28.1,46.9,40.7,78.2,100.1,172.0,284.6,340.9,494.2,384.7,265.9,369.1,337.8,240.8,150.1
60654,,,14.0,17.0,12.0,39.0,18.0,7.0,5.0,9.0,6.0,7.0,3.0,3.0,2.0,10.0,14.0,11.0,24.0,13.0,10.0,9.0,15.0,13.0,8.0,13.0,16.0,17.0,19.0,21.0,23.0,31.0,50.0,66.0,88.0,157.0,133.0,110.0,65.0,77.0,63.0,48.0,34.0,,,17.0,34.0,46.0,85.0,103.0,110.0,115.0,124.0,130.0,137.0,140.0,143.0,145.0,155.0,169.0,180.0,204.0,217.0,227.0,236.0,251.0,264.0,272.0,285.0,301.0,318.0,337.0,358.0,381.0,412.0,462.0,528.0,616.0,773.0,906.0,1016.0,1081.0,1158.0,1221.0,1269.0,1303.0,,,73.2,88.8,62.7,203.8,94.1,36.6,26.1,47.0,31.4,36.6,15.7,15.7,10.5,52.3,73.2,57.5,125.4,67.9,52.3,47.0,78.4,67.9,41.8,67.9,83.6,88.8,99.3,109.7,120.2,162.0,261.3,344.9,459.9,820.5,695.1,574.9,339.7,402.4,329.2,250.8,177.7
60655,,,,30.0,44.0,36.0,34.0,29.0,22.0,19.0,16.0,17.0,11.0,7.0,1.0,3.0,8.0,11.0,31.0,26.0,23.0,26.0,36.0,53.0,38.0,50.0,24.0,19.0,23.0,32.0,27.0,37.0,97.0,129.0,137.0,210.0,283.0,194.0,132.0,164.0,136.0,82.0,75.0,,,,34.0,78.0,114.0,148.0,177.0,199.0,218.0,234.0,251.0,262.0,269.0,270.0,273.0,281.0,292.0,323.0,349.0,372.0,398.0,434.0,487.0,525.0,575.0,599.0,618.0,641.0,673.0,700.0,737.0,834.0,963.0,1100.0,1310.0,1593.0,1787.0,1919.0,2083.0,2219.0,2301.0,2376.0,,,,104.2,152.8,125.0,118.0,100.7,76.4,66.0,55.5,59.0,38.2,24.3,3.5,10.4,27.8,38.2,107.6,90.3,79.9,90.3,125.0,184.0,131.9,173.6,83.3,66.0,79.9,111.1,93.7,128.5,336.8,447.9,475.6,729.1,982.5,673.5,458.3,569.4,472.2,284.7,260.4
60656,,,4.0,22.0,22.0,27.0,24.0,28.0,33.0,31.0,22.0,22.0,20.0,12.0,10.0,6.0,12.0,16.0,16.0,13.0,20.0,26.0,26.0,42.0,46.0,33.0,20.0,11.0,23.0,30.0,38.0,54.0,68.0,85.0,116.0,165.0,195.0,157.0,117.0,155.0,113.0,103.0,76.0,,,5.0,27.0,49.0,76.0,100.0,128.0,161.0,192.0,214.0,236.0,256.0,268.0,278.0,284.0,296.0,312.0,328.0,341.0,361.0,387.0,413.0,455.0,501.0,534.0,554.0,565.0,588.0,618.0,656.0,710.0,778.0,863.0,979.0,1144.0,1339.0,1496.0,1613.0,1768.0,1881.0,1984.0,2060.0,,,14.5,79.8,79.8,97.9,87.0,101.5,119.7,112.4,79.8,79.8,72.5,43.5,36.3,21.8,43.5,58.0,58.0,47.1,72.5,94.3,94.3,152.3,166.8,119.7,72.5,39.9,83.4,108.8,137.8,195.8,246.6,308.2,420.6,598.3,707.1,569.3,424.2,562.0,409.7,373.5,275.6
60657,,14.0,30.0,40.0,35.0,33.0,19.0,28.0,33.0,26.0,29.0,25.0,19.0,8.0,18.0,11.0,19.0,26.0,53.0,45.0,39.0,24.0,31.0,45.0,52.0,42.0,57.0,55.0,67.0,56.0,45.0,87.0,89.0,148.0,234.0,330.0,358.0,272.0,160.0,199.0,145.0,102.0,100.0,,15.0,45.0,85.0,120.0,153.0,172.0,200.0,233.0,259.0,288.0,313.0,332.0,340.0,358.0,369.0,388.0,414.0,467.0,512.0,551.0,575.0,606.0,651.0,703.0,745.0,802.0,857.0,924.0,980.0,1025.0,1112.0,1201.0,1349.0,1583.0,1913.0,2271.0,2543.0,2703.0,2902.0,3047.0,3149.0,3249.0,,20.0,42.8,57.1,50.0,47.1,27.1,40.0,47.1,37.1,41.4,35.7,27.1,11.4,25.7,15.7,27.1,37.1,75.7,64.2,55.7,34.3,44.3,64.2,74.2,60.0,81.4,78.5,95.6,79.9,64.2,124.2,127.0,211.3,334.0,471.1,511.0,388.3,228.4,284.1,207.0,145.6,142.8
60659,,,20.0,41.0,64.0,60.0,79.0,88.0,95.0,85.0,56.0,64.0,62.0,24.0,31.0,24.0,20.0,8.0,20.0,13.0,19.0,30.0,22.0,38.0,40.0,23.0,24.0,18.0,24.0,26.0,29.0,48.0,60.0,90.0,134.0,153.0,268.0,197.0,135.0,223.0,181.0,131.0,90.0,,,21.0,62.0,126.0,186.0,265.0,353.0,448.0,533.0,589.0,653.0,715.0,739.0,770.0,794.0,814.0,822.0,842.0,855.0,874.0,904.0,926.0,964.0,1004.0,1027.0,1051.0,1069.0,1093.0,1119.0,1148.0,1196.0,1256.0,1346.0,1480.0,1633.0,1901.0,2098.0,2233.0,2456.0,2637.0,2768.0,2858.0,,,48.7,99.8,155.8,146.1,192.4,214.3,231.3,207.0,136.4,155.8,151.0,58.4,75.5,58.4,48.7,19.5,48.7,31.7,46.3,73.0,53.6,92.5,97.4,56.0,58.4,43.8,58.4,63.3,70.6,116.9,146.1,219.1,326.3,372.6,652.6,479.7,328.7,543.0,440.7,319.0,219.1
60660,,,13.0,19.0,28.0,52.0,67.0,42.0,50.0,40.0,29.0,36.0,31.0,22.0,10.0,22.0,17.0,10.0,25.0,20.0,23.0,17.0,13.0,31.0,19.0,28.0,19.0,17.0,34.0,32.0,22.0,17.0,43.0,64.0,101.0,124.0,163.0,110.0,93.0,123.0,97.0,72.0,51.0,,,17.0,36.0,64.0,116.0,183.0,225.0,275.0,315.0,344.0,380.0,411.0,433.0,443.0,465.0,482.0,492.0,517.0,537.0,560.0,577.0,590.0,621.0,640.0,668.0,687.0,704.0,738.0,770.0,792.0,809.0,852.0,916.0,1017.0,1141.0,1304.0,1414.0,1507.0,1630.0,1727.0,1799.0,1850.0,,,30.1,43.9,64.8,120.3,154.9,97.1,115.6,92.5,67.1,83.3,71.7,50.9,23.1,50.9,39.3,23.1,57.8,46.3,53.2,39.3,30.1,71.7,43.9,64.8,43.9,39.3,78.6,74.0,50.9,39.3,99.4,148.0,233.6,286.8,376.9,254.4,215.1,284.4,224.3,166.5,117.9
60661,,,,9.0,3.0,2.0,3.0,4.0,3.0,4.0,6.0,2.0,2.0,1.0,1.0,3.0,7.0,5.0,8.0,4.0,20.0,10.0,6.0,5.0,4.0,5.0,5.0,11.0,10.0,6.0,9.0,20.0,25.0,25.0,39.0,54.0,55.0,39.0,22.0,27.0,19.0,19.0,13.0,,,,12.0,15.0,17.0,20.0,24.0,27.0,31.0,37.0,39.0,41.0,42.0,43.0,46.0,53.0,58.0,66.0,70.0,90.0,100.0,106.0,111.0,115.0,120.0,125.0,136.0,146.0,152.0,161.0,181.0,206.0,231.0,270.0,324.0,379.0,418.0,440.0,467.0,486.0,505.0,518.0,,,,90.7,30.2,20.1,30.2,40.3,30.2,40.3,60.4,20.1,20.1,10.1,10.1,30.2,70.5,50.4,80.6,40.3,201.5,100.7,60.4,50.4,40.3,50.4,50.4,110.8,100.7,60.4,90.7,201.5,251.9,251.9,392.9,544.0,554.1,392.9,221.6,272.0,191.4,191.4,131.0
60666,,,,,,,,,,,,,,,,,,,,,,,,,,,,,,,,,,,,,,,,,,,,,,,,,,,,,,,,,,,,,,,,,,,,,,,,,,,,,,,,,,,,,,,,,,,,,,,,,,,,,,,,,,,,,,,,,,,,,,,,,,,,,,,,,
60707,,,,13.0,16.0,17.0,27.0,51.0,70.0,62.0,41.0,37.0,15.0,16.0,14.0,7.0,9.0,7.0,15.0,9.0,8.0,17.0,19.0,28.0,14.0,20.0,10.0,18.0,14.0,10.0,24.0,27.0,45.0,80.0,93.0,126.0,135.0,114.0,114.0,144.0,105.0,69.0,24.0,,,,14.0,30.0,47.0,74.0,125.0,195.0,257.0,298.0,335.0,350.0,366.0,380.0,387.0,396.0,403.0,418.0,427.0,435.0,452.0,471.0,499.0,513.0,533.0,543.0,561.0,575.0,585.0,609.0,636.0,681.0,761.0,854.0,980.0,1115.0,1229.0,1343.0,1487.0,1592.0,1661.0,1685.0,,,,30.2,37.2,39.5,62.8,118.6,162.7,144.1,95.3,86.0,34.9,37.2,32.5,16.3,20.9,16.3,34.9,20.9,18.6,39.5,44.2,65.1,32.5,46.5,23.2,41.8,32.5,23.2,55.8,62.8,104.6,186.0,216.2,292.9,313.8,265.0,265.0,334.7,244.1,160.4,55.8
60827,,,,8.0,4.0,3.0,6.0,11.0,9.0,7.0,12.0,7.0,7.0,2.0,1.0,1.0,3.0,0.0,3.0,6.0,3.0,1.0,2.0,1.0,2.0,2.0,0.0,1.0,1.0,4.0,1.0,2.0,5.0,10.0,12.0,8.0,14.0,14.0,10.0,10.0,13.0,15.0,3.0,,,,11.0,15.0,18.0,24.0,35.0,44.0,51.0,63.0,70.0,77.0,79.0,80.0,81.0,84.0,84.0,87.0,93.0,96.0,97.0,99.0,100.0,102.0,104.0,104.0,105.0,106.0,110.0,111.0,113.0,118.0,128.0,140.0,148.0,162.0,176.0,186.0,196.0,209.0,224.0,227.0,,,,28.0,14.0,10.5,21.0,38.5,31.5,24.5,42.0,24.5,24.5,7.0,3.5,3.5,10.5,0.0,10.5,21.0,10.5,3.5,7.0,3.5,7.0,7.0,0.0,3.5,3.5,14.0,3.5,7.0,17.5,35.0,42.0,28.0,49.0,49.0,35.0,35.0,45.5,52.5,10.5
Unknown,,,,,5.0,6.0,6.0,10.0,19.0,9.0,6.0,21.0,4.0,5.0,4.0,6.0,1.0,3.0,4.0,4.0,2.0,1.0,5.0,4.0,3.0,5.0,2.0,1.0,6.0,0.0,10.0,13.0,14.0,11.0,40.0,53.0,95.0,98.0,44.0,113.0,72.0,68.0,70.0,,,,,7.0,13.0,19.0,29.0,48.0,57.0,63.0,84.0,88.0,93.0,97.0,103.0,104.0,107.0,111.0,115.0,117.0,118.0,123.0,127.0,130.0,135.0,137.0,138.0,144.0,144.0,154.0,167.0,181.0,192.0,232.0,285.0,380.0,478.0,522.0,635.0,707.0,775.0,845.0,,,,,0.0,0.0,0.0,0.0,0.0,0.0,0.0,0.0,0.0,0.0,0.0,0.0,0.0,0.0,0.0,0.0,0.0,0.0,0.0,0.0,0.0,0.0,0.0,0.0,0.0,0.0,0.0,0.0,0.0,0.0,0.0,0.0,0.0,0.0,0.0,0.0,0.0,0.0,0.0
